[
    { "code": "ad", "name": "Andorra", "continent": "Europe" },
    { "code": "al", "name": "Albania", "continent": "Europe" },
    { "code": "at", "name": "Austria", "continent": "Europe" },
    { "code": "ax", "name": "Åland Islands", "continent": "Europe" },
    { "code": "ba", "name": "Bosnia and Herzegovina", "continent": "Europe" },
    { "code": "be", "name": "Belgium", "continent": "Europe" },
    { "code": "bg", "name": "Bulgaria", "continent": "Europe" },
    { "code": "by", "name": "Belarus", "continent": "Europe" },
    { "code": "ch", "name": "Switzerland", "continent": "Europe" },
    { "code": "cy", "name": "Cyprus", "continent": "Europe" },
    { "code": "cz", "name": "Czechia", "continent": "Europe" },
    { "code": "de", "name": "Germany", "continent": "Europe" },
    { "code": "dk", "name": "Denmark", "continent": "Europe" },
    { "code": "ee", "name": "Estonia", "continent": "Europe" },
    { "code": "es", "name": "Spain", "continent": "Europe" },
    { "code": "fi", "name": "Finland", "continent": "Europe" },
    { "code": "fo", "name": "Faroe Islands", "continent": "Europe" },
    { "code": "fr", "name": "France", "continent": "Europe" },
    { "code": "gb", "name": "United Kingdom", "continent": "Europe" },
    { "code": "ge", "name": "Georgia", "continent": "Europe" },
    { "code": "gg", "name": "Guernsey", "continent": "Europe" },
    { "code": "gi", "name": "Gibraltar", "continent": "Europe" },
    { "code": "gr", "name": "Greece", "continent": "Europe" },
    { "code": "hr", "name": "Croatia", "continent": "Europe" },
    { "code": "hu", "name": "Hungary", "continent": "Europe" },
    { "code": "ie", "name": "Ireland", "continent": "Europe" },
    { "code": "im", "name": "Isle of Man", "continent": "Europe" },
    { "code": "is", "name": "Iceland", "continent": "Europe" },
    { "code": "it", "name": "Italy", "continent": "Europe" },
    { "code": "je", "name": "Jersey", "continent": "Europe" },
    { "code": "li", "name": "Liechtenstein", "continent": "Europe" },
    { "code": "lt", "name": "Lithuania", "continent": "Europe" },
    { "code": "lu", "name": "Luxembourg", "continent": "Europe" },
    { "code": "lv", "name": "Latvia", "continent": "Europe" },
    { "code": "mc", "name": "Monaco", "continent": "Europe" },
    { "code": "md", "name": "Moldova", "continent": "Europe" },
    { "code": "me", "name": "Montenegro", "continent": "Europe" },
    { "code": "mk", "name": "North Macedonia", "continent": "Europe" },
    { "code": "mt", "name": "Malta", "continent": "Europe" },
    { "code": "nl", "name": "Netherlands", "continent": "Europe" },
    { "code": "no", "name": "Norway", "continent": "Europe" },
    { "code": "pl", "name": "Poland", "continent": "Europe" },
    { "code": "pt", "name": "Portugal", "continent": "Europe" },
    { "code": "ro", "name": "Romania", "continent": "Europe" },
    { "code": "rs", "name": "Serbia", "continent": "Europe" },
    { "code": "ru", "name": "Russia", "continent": "Europe" },
    { "code": "se", "name": "Sweden", "continent": "Europe" },
    { "code": "si", "name": "Slovenia", "continent": "Europe" },
    { "code": "sj", "name": "Svalbard and Jan Mayen", "continent": "Europe" },
    { "code": "sk", "name": "Slovakia", "continent": "Europe" },
    { "code": "sm", "name": "San Marino", "continent": "Europe" },
    { "code": "ua", "name": "Ukraine", "continent": "Europe" },
    { "code": "va", "name": "Vatican City", "continent": "Europe" },
    { "code": "xk", "name": "Kosovo", "continent": "Europe" },

    { "code": "ae", "name": "United Arab Emirates", "continent": "Asia" },
    { "code": "af", "name": "Afghanistan", "continent": "Asia" },
    { "code": "am", "name": "Armenia", "continent": "Asia" },
    { "code": "az", "name": "Azerbaijan", "continent": "Asia" },
    { "code": "bd", "name": "Bangladesh", "continent": "Asia" },
    { "code": "bh", "name": "Bahrain", "continent": "Asia" },
    { "code": "bn", "name": "Brunei", "continent": "Asia" },
    { "code": "bt", "name": "Bhutan", "continent": "Asia" },
    { "code": "cn", "name": "China", "continent": "Asia" },
    { "code": "hk", "name": "Hong Kong", "continent": "Asia" },
    { "code": "id", "name": "Indonesia", "continent": "Asia" },
    { "code": "il", "name": "Israel", "continent": "Asia" },
    { "code": "in", "name": "India", "continent": "Asia" },
    {
        "code": "io",
        "name": "British Indian Ocean Territory",
        "continent": "Asia"
    },
    { "code": "iq", "name": "Iraq", "continent": "Asia" },
    { "code": "ir", "name": "Iran", "continent": "Asia" },
    { "code": "jo", "name": "Jordan", "continent": "Asia" },
    { "code": "jp", "name": "Japan", "continent": "Asia" },
    { "code": "kg", "name": "Kyrgyzstan", "continent": "Asia" },
    { "code": "kh", "name": "Cambodia", "continent": "Asia" },
    { "code": "kp", "name": "North Korea", "continent": "Asia" },
    { "code": "kr", "name": "South Korea", "continent": "Asia" },
    { "code": "kw", "name": "Kuwait", "continent": "Asia" },
    { "code": "kz", "name": "Kazakhstan", "continent": "Asia" },
    { "code": "la", "name": "Laos", "continent": "Asia" },
    { "code": "lb", "name": "Lebanon", "continent": "Asia" },
    { "code": "lk", "name": "Sri Lanka", "continent": "Asia" },
    { "code": "mm", "name": "Myanmar", "continent": "Asia" },
    { "code": "mn", "name": "Mongolia", "continent": "Asia" },
    { "code": "mo", "name": "Macau", "continent": "Asia" },
    { "code": "mv", "name": "Maldives", "continent": "Asia" },
    { "code": "my", "name": "Malaysia", "continent": "Asia" },
    { "code": "np", "name": "Nepal", "continent": "Asia" },
    { "code": "om", "name": "Oman", "continent": "Asia" },
    { "code": "ph", "name": "Philippines", "continent": "Asia" },
    { "code": "pk", "name": "Pakistan", "continent": "Asia" },
    { "code": "ps", "name": "Palestine", "continent": "Asia" },
    { "code": "qa", "name": "Qatar", "continent": "Asia" },
    { "code": "sa", "name": "Saudi Arabia", "continent": "Asia" },
    { "code": "sg", "name": "Singapore", "continent": "Asia" },
    { "code": "sy", "name": "Syria", "continent": "Asia" },
    { "code": "th", "name": "Thailand", "continent": "Asia" },
    { "code": "tj", "name": "Tajikistan", "continent": "Asia" },
    { "code": "tl", "name": "Timor-Leste", "continent": "Asia" },
    { "code": "tm", "name": "Turkmenistan", "continent": "Asia" },
    { "code": "tr", "name": "Turkey", "continent": "Asia" },
    { "code": "tw", "name": "Taiwan", "continent": "Asia" },
    { "code": "uz", "name": "Uzbekistan", "continent": "Asia" },
    { "code": "vn", "name": "Vietnam", "continent": "Asia" },
    { "code": "ye", "name": "Yemen", "continent": "Asia" },
    { "code": "cc", "name": "Cocos (Keeling) Islands", "continent": "Asia" },
    { "code": "cx", "name": "Christmas Island", "continent": "Asia" },

    { "code": "ao", "name": "Angola", "continent": "Africa" },
    { "code": "bf", "name": "Burkina Faso", "continent": "Africa" },
    { "code": "bi", "name": "Burundi", "continent": "Africa" },
    { "code": "bj", "name": "Benin", "continent": "Africa" },
    { "code": "bw", "name": "Botswana", "continent": "Africa" },
    { "code": "cd", "name": "DR Congo", "continent": "Africa" },
    { "code": "cf", "name": "Central African Republic", "continent": "Africa" },
    { "code": "cg", "name": "Republic of the Congo", "continent": "Africa" },
    { "code": "ci", "name": "Côte d'Ivoire", "continent": "Africa" },
    { "code": "cm", "name": "Cameroon", "continent": "Africa" },
    { "code": "cv", "name": "Cape Verde", "continent": "Africa" },
    { "code": "dj", "name": "Djibouti", "continent": "Africa" },
    { "code": "dz", "name": "Algeria", "continent": "Africa" },
    { "code": "eg", "name": "Egypt", "continent": "Africa" },
    { "code": "eh", "name": "Western Sahara", "continent": "Africa" },
    { "code": "er", "name": "Eritrea", "continent": "Africa" },
    { "code": "et", "name": "Ethiopia", "continent": "Africa" },
    { "code": "ga", "name": "Gabon", "continent": "Africa" },
    { "code": "gh", "name": "Ghana", "continent": "Africa" },
    { "code": "gm", "name": "Gambia", "continent": "Africa" },
    { "code": "gn", "name": "Guinea", "continent": "Africa" },
    { "code": "gq", "name": "Equatorial Guinea", "continent": "Africa" },
    { "code": "gw", "name": "Guinea-Bissau", "continent": "Africa" },
    { "code": "ke", "name": "Kenya", "continent": "Africa" },
    { "code": "km", "name": "Comoros", "continent": "Africa" },
    { "code": "lr", "name": "Liberia", "continent": "Africa" },
    { "code": "ls", "name": "Lesotho", "continent": "Africa" },
    { "code": "ly", "name": "Libya", "continent": "Africa" },
    { "code": "ma", "name": "Morocco", "continent": "Africa" },
    { "code": "mg", "name": "Madagascar", "continent": "Africa" },
    { "code": "ml", "name": "Mali", "continent": "Africa" },
    { "code": "mr", "name": "Mauritania", "continent": "Africa" },
    { "code": "mu", "name": "Mauritius", "continent": "Africa" },
    { "code": "mw", "name": "Malawi", "continent": "Africa" },
    { "code": "mz", "name": "Mozambique", "continent": "Africa" },
    { "code": "na", "name": "Namibia", "continent": "Africa" },
    { "code": "ne", "name": "Niger", "continent": "Africa" },
    { "code": "ng", "name": "Nigeria", "continent": "Africa" },
    { "code": "re", "name": "Réunion", "continent": "Africa" },
    { "code": "rw", "name": "Rwanda", "continent": "Africa" },
    { "code": "sc", "name": "Seychelles", "continent": "Africa" },
    { "code": "sd", "name": "Sudan", "continent": "Africa" },
    { "code": "sh", "name": "Saint Helena", "continent": "Africa" },
    { "code": "sl", "name": "Sierra Leone", "continent": "Africa" },
    { "code": "sn", "name": "Senegal", "continent": "Africa" },
    { "code": "so", "name": "Somalia", "continent": "Africa" },
    { "code": "ss", "name": "South Sudan", "continent": "Africa" },
    { "code": "st", "name": "São Tomé and Príncipe", "continent": "Africa" },
    { "code": "sz", "name": "Eswatini", "continent": "Africa" },
    { "code": "td", "name": "Chad", "continent": "Africa" },
    {
        "code": "tf",
        "name": "French Southern Territories",
        "continent": "Africa"
    },
    { "code": "tg", "name": "Togo", "continent": "Africa" },
    { "code": "tn", "name": "Tunisia", "continent": "Africa" },
    { "code": "tz", "name": "Tanzania", "continent": "Africa" },
    { "code": "ug", "name": "Uganda", "continent": "Africa" },
    { "code": "yt", "name": "Mayotte", "continent": "Africa" },
    { "code": "za", "name": "South Africa", "continent": "Africa" },
    { "code": "zm", "name": "Zambia", "continent": "Africa" },
    { "code": "zw", "name": "Zimbabwe", "continent": "Africa" },

    {
        "code": "ag",
        "name": "Antigua and Barbuda",
        "continent": "North America"
    },
    { "code": "ai", "name": "Anguilla", "continent": "North America" },
    { "code": "aw", "name": "Aruba", "continent": "North America" },
    { "code": "bb", "name": "Barbados", "continent": "North America" },
    { "code": "bl", "name": "Saint Barthélemy", "continent": "North America" },
    { "code": "bm", "name": "Bermuda", "continent": "North America" },
    {
        "code": "bq",
        "name": "Caribbean Netherlands",
        "continent": "North America"
    },
    { "code": "bs", "name": "Bahamas", "continent": "North America" },
    { "code": "bz", "name": "Belize", "continent": "North America" },
    { "code": "ca", "name": "Canada", "continent": "North America" },
    { "code": "cr", "name": "Costa Rica", "continent": "North America" },
    { "code": "cu", "name": "Cuba", "continent": "North America" },
    { "code": "cw", "name": "Curaçao", "continent": "North America" },
    { "code": "dm", "name": "Dominica", "continent": "North America" },
    {
        "code": "do",
        "name": "Dominican Republic",
        "continent": "North America"
    },
    { "code": "gd", "name": "Grenada", "continent": "North America" },
    { "code": "gl", "name": "Greenland", "continent": "North America" },
    { "code": "gp", "name": "Guadeloupe", "continent": "North America" },
    { "code": "gt", "name": "Guatemala", "continent": "North America" },
    { "code": "hn", "name": "Honduras", "continent": "North America" },
    { "code": "ht", "name": "Haiti", "continent": "North America" },
    { "code": "jm", "name": "Jamaica", "continent": "North America" },
    {
        "code": "kn",
        "name": "Saint Kitts and Nevis",
        "continent": "North America"
    },
    { "code": "ky", "name": "Cayman Islands", "continent": "North America" },
    { "code": "lc", "name": "Saint Lucia", "continent": "North America" },
    { "code": "mf", "name": "Saint Martin", "continent": "North America" },
    { "code": "mq", "name": "Martinique", "continent": "North America" },
    { "code": "ms", "name": "Montserrat", "continent": "North America" },
    { "code": "mx", "name": "Mexico", "continent": "North America" },
    { "code": "ni", "name": "Nicaragua", "continent": "North America" },
    { "code": "pa", "name": "Panama", "continent": "North America" },
    {
        "code": "pm",
        "name": "Saint Pierre and Miquelon",
        "continent": "North America"
    },
    { "code": "pr", "name": "Puerto Rico", "continent": "North America" },
    { "code": "sv", "name": "El Salvador", "continent": "North America" },
    { "code": "sx", "name": "Sint Maarten", "continent": "North America" },
    {
        "code": "tc",
        "name": "Turks and Caicos Islands",
        "continent": "North America"
    },
    {
        "code": "tt",
        "name": "Trinidad and Tobago",
        "continent": "North America"
    },
    { "code": "us", "name": "United States", "continent": "North America" },
    {
        "code": "vc",
        "name": "Saint Vincent and the Grenadines",
        "continent": "North America"
    },
    {
        "code": "vg",
        "name": "British Virgin Islands",
        "continent": "North America"
    },
    {
        "code": "vi",
        "name": "United States Virgin Islands",
        "continent": "North America"
    },

    { "code": "ar", "name": "Argentina", "continent": "South America" },
    { "code": "bo", "name": "Bolivia", "continent": "South America" },
    { "code": "br", "name": "Brazil", "continent": "South America" },
    { "code": "cl", "name": "Chile", "continent": "South America" },
    { "code": "co", "name": "Colombia", "continent": "South America" },
    { "code": "ec", "name": "Ecuador", "continent": "South America" },
    { "code": "fk", "name": "Falkland Islands", "continent": "South America" },
    { "code": "gf", "name": "French Guiana", "continent": "South America" },
    { "code": "gs", "name": "South Georgia", "continent": "South America" },
    { "code": "gy", "name": "Guyana", "continent": "South America" },
    { "code": "pe", "name": "Peru", "continent": "South America" },
    { "code": "py", "name": "Paraguay", "continent": "South America" },
    { "code": "sr", "name": "Suriname", "continent": "South America" },
    { "code": "uy", "name": "Uruguay", "continent": "South America" },
    { "code": "ve", "name": "Venezuela", "continent": "South America" },

    { "code": "as", "name": "American Samoa", "continent": "Oceania" },
    { "code": "au", "name": "Australia", "continent": "Oceania" },
    { "code": "ck", "name": "Cook Islands", "continent": "Oceania" },
    { "code": "fj", "name": "Fiji", "continent": "Oceania" },
    { "code": "fm", "name": "Micronesia", "continent": "Oceania" },
    { "code": "gu", "name": "Guam", "continent": "Oceania" },
    { "code": "ki", "name": "Kiribati", "continent": "Oceania" },
    { "code": "mh", "name": "Marshall Islands", "continent": "Oceania" },
    {
        "code": "mp",
        "name": "Northern Mariana Islands",
        "continent": "Oceania"
    },
    { "code": "nc", "name": "New Caledonia", "continent": "Oceania" },
    { "code": "nf", "name": "Norfolk Island", "continent": "Oceania" },
    { "code": "nr", "name": "Nauru", "continent": "Oceania" },
    { "code": "nu", "name": "Niue", "continent": "Oceania" },
    { "code": "nz", "name": "New Zealand", "continent": "Oceania" },
    { "code": "pf", "name": "French Polynesia", "continent": "Oceania" },
    { "code": "pg", "name": "Papua New Guinea", "continent": "Oceania" },
    { "code": "pn", "name": "Pitcairn Islands", "continent": "Oceania" },
    { "code": "pw", "name": "Palau", "continent": "Oceania" },
    { "code": "sb", "name": "Solomon Islands", "continent": "Oceania" },
    { "code": "tk", "name": "Tokelau", "continent": "Oceania" },
    { "code": "to", "name": "Tonga", "continent": "Oceania" },
    { "code": "tv", "name": "Tuvalu", "continent": "Oceania" },
    {
        "code": "um",
        "name": "United States Minor Outlying Islands",
        "continent": "Oceania"
    },
    { "code": "vu", "name": "Vanuatu", "continent": "Oceania" },
    { "code": "wf", "name": "Wallis and Futuna", "continent": "Oceania" },
    { "code": "ws", "name": "Samoa", "continent": "Oceania" },
    {
        "code": "hm",
        "name": "Heard Island and McDonald Islands",
        "continent": "Oceania"
    },

    { "code": "aq", "name": "Antarctica", "continent": "Antarctica" },
    { "code": "bv", "name": "Bouvet Island", "continent": "Antarctica" },

    { "code": "eu", "name": "European Union", "continent": "International" },
    { "code": "un", "name": "United Nations", "continent": "International" }
]
